Label,wavelet.LLH_glcm_Idn,wavelet.LHL_firstorder_Median,original_shape_Elongation,wavelet.LHL_glcm_MaximumProbability,wavelet.LLL_glcm_Correlation,log.sigma.1.mm.3D_firstorder_90Percentile,wavelet.HLH_glcm_MCC,wavelet.HHL_firstorder_Median,wavelet.HHL_ngtdm_Contrast,original_firstorder_10Percentile
0,-0.2972641,1.632249815,-2.401269283,-1.479924362,-0.270119391,0.926136407,0.883215223,-0.21370842,-0.330572612,-0.921697986
1,1.486488938,-0.041783715,0.318877226,0.517935588,1.183871588,-1.058424892,-1.360076306,0.171356751,-0.96657091,-0.260204768
1,-0.043648309,0.223085292,-0.15671975,-0.018952899,0.270297248,-0.245715729,-0.988984957,0.394226096,-0.339636139,0.693447954
0,-0.86297321,-1.135984013,-0.004441484,-0.094089331,-1.242210535,0.487113655,0.253044013,-0.38655588,0.778381777,0.978257534
0,-0.156399156,0.156952751,0.036565134,1.17010199,-0.304463937,-0.522107686,0.678423615,-0.060989884,0.083880015,-0.934560354
1,0.046469492,1.028991117,1.067385389,0.236975561,-0.571854882,0.116632475,-0.622861573,0.651058823,-0.650612554,-0.710387653
0,-1.099583922,-0.526818256,-1.205595441,0.009171525,-0.145996069,0.213516064,1.975366017,0.040993327,-0.516170898,-0.306141797
0,0.628741005,-1.726005955,-0.909472218,-0.348982048,-0.512906628,-1.197247972,-0.044209336,0.00203424,-0.566326987,0.714578987
0,0.315173079,-0.4426652,-0.392837288,0.849158569,-0.035260927,0.222408182,0.936232095,0.4992543,-0.447461522,-0.324516609
1,0.891997282,-0.744780653,0.193429384,-0.626321687,0.657900984,-1.018108562,-0.641186429,0.246144744,-0.451310468,2.766126703
1,-0.593775517,-2.715142739,0.909109277,-1.153426437,-1.893213141,-1.592367122,-0.185605549,-1.279531098,-0.026261555,0.761434757
0,-0.000551541,-0.067999881,0.226013725,0.522043914,-0.838393613,-0.769447236,-0.30351128,-0.298107407,-0.31842977,0.438038073
0,-1.145005268,-0.306988705,0.941999793,1.144717047,-1.082066174,-0.090710255,1.735039792,0.14330413,-0.616094432,0.079729246
0,0.311461477,-2.687706755,-1.217762487,-1.466767335,0.175530221,-0.833191117,-0.024379386,0.021811674,-0.662021591,0.419663261
1,-1.930847473,-0.16760888,1.429612403,0.359572578,0.452099338,0.228808588,1.01746109,0.102477364,-0.187715727,0.615355005
1,0.337374102,-1.765080448,-1.736337393,-0.845598734,0.644931858,-1.045044312,-0.463661391,-0.534292985,-0.89204062,2.653121611
0,1.143099837,0.49502421,1.009583504,0.838039157,0.260335425,-0.546448845,-0.161901547,0.535397487,-0.295564264,-0.079212874
0,-1.255893108,0.338248418,0.579482809,0.343213619,0.45809272,0.705811233,-0.805420462,0.575280249,-0.425672672,-1.142195725
0,-0.066087684,-1.274405328,0.18652141,-1.143059963,-0.762510181,-0.539139526,-0.801573823,-0.585855914,-0.365173386,0.208352928
0,1.114994127,0.136014448,-1.455373396,1.357400073,0.014297196,-0.545170705,-1.244164323,0.605811357,0.148771316,-0.101262648
0,0.472222291,0.202948502,0.676993015,-0.098490683,-0.800180511,-0.120227067,-0.139270096,-0.078156739,-0.024079555,-0.150874639
0,0.419854494,0.451109651,-0.095485942,-0.3726547,1.42289707,0.27788916,-0.60278704,0.486289575,-0.606445326,0.033792217
0,0.389196699,0.167825691,-1.596851948,-0.231105262,-0.285174486,0.541194797,0.471053121,0.467929247,-0.464237922,-0.710387653
0,-0.655648741,-0.097878225,0.479154677,1.620060044,-0.907612795,-0.425128972,1.190776696,-1.168499015,-0.477836251,0.217540333
0,-2.4458333,0.628877844,1.228836472,-0.748809229,0.978739839,-0.451057455,-0.766499334,1.134765365,-0.559229563,-0.146280936
0,0.20931036,-0.14032454,-2.037778363,0.620113681,-0.400307267,0.625593163,0.665284997,-0.217403528,-0.327224832,0.226727739
0,-3.553984251,-0.113127407,0.404445134,2.009429337,2.177872392,-1.689523198,-1.234306946,0.185283482,2.791268136,-0.664450624
0,0.810617264,0.237022068,0.316894812,0.110302335,1.125897285,-0.410473418,-0.85951126,-0.149119469,-0.351530328,1.113312399
1,1.274610414,-0.041700019,0.431756637,0.520136845,0.404809802,-0.664931183,-0.884934321,-0.065166432,-0.469338006,0.272664768
0,-1.174774049,0.047431877,1.038629267,0.387036034,0.852352967,-1.086639259,-0.961041532,0.831025206,-0.412557581,-0.012144812
1,1.410716016,-0.644214775,0.410805939,-0.306752651,-0.022709439,-1.356040929,-0.904311966,-0.264469871,-0.392906185,0.551961905
0,-0.623603102,3.119741531,0.374751114,-1.785169562,0.230348296,1.44398072,-0.776351186,0.098699376,-0.400133603,0.144041087
1,0.713183939,0.429318044,0.917994148,-1.546608925,-0.20515365,0.063686135,0.425546511,0.428247294,-0.431487479,-0.700281506
0,0.865335088,0.4002034,0.458162182,0.036232226,1.323373809,0.259933907,-0.824998179,-0.042959675,-0.618264399,0.934157986
0,0.224608843,0.665423381,0.878544229,-0.712731689,0.124169919,-0.175192402,-1.193284331,0.881129328,-0.594467027,-0.387909709
1,0.550515967,-0.320046394,-0.048076257,-1.334650675,0.857206783,0.265905565,-1.21332097,-0.557755135,-0.51865026,0.998469827
0,0.346105088,0.09781491,0.123360367,0.497210682,0.072463759,-0.771160952,-0.802729417,1.0887464,-0.149067825,0.125666275
0,1.001642699,0.444471466,-1.880838296,-0.430599507,1.012684165,0.013492116,-0.993498878,0.427775093,-0.792907258,-0.131581087
1,1.213037095,-0.25975143,-0.69311804,-0.515183632,0.937509599,-0.796760542,-0.703963547,0.034198486,-0.88081521,-0.526639536
0,-0.941159013,-0.406833493,-0.134455521,0.303590568,-1.678651511,-0.012757415,1.488980213,-1.889358139,0.868599686,-0.54777057
0,0.254309323,0.060211148,1.514330465,0.985501388,0.552419863,-1.036776705,-0.683277091,-0.074687405,2.636252152,0.76602846
1,0.528127926,-0.434959994,0.572077014,0.012229834,0.205829473,0.524227651,0.766257579,-0.897401401,0.597037765,-0.673638029
0,0.565007087,-0.19937575,-1.93753947,0.988442917,-0.18971767,-0.105698093,0.793351378,-0.43832354,-0.646002728,-0.701200247
1,0.078240049,0.04939989,0.254873788,-0.635801049,-0.502449106,-0.022133962,-0.231741306,-1.38942839,-0.085921776,-0.452221549
1,1.537330072,0.071322079,-0.669443331,-0.702947373,0.948151283,-0.619050589,-0.820123399,0.525958694,-0.687870391,-0.186705522
0,0.508067547,0.231827644,-0.292025894,0.133385958,0.967509746,0.652911524,2.347135767,0.257410749,-0.316700865,-0.297873132
1,1.583989454,-0.440698563,0.699179928,-0.973779093,1.248983566,-0.169401891,-0.096309478,-0.114366323,-0.859490211,0.934157986
1,-0.511420735,0.008891305,1.561528133,0.005013228,0.453729909,-0.115027289,-0.494635927,-1.166779852,-0.715159424,-1.259794519
1,-1.671084449,3.836652068,-0.778685619,-1.427344822,-0.001835947,0.95295683,-0.407026898,2.40606155,0.471588409,1.546039212
0,0.325430921,0.473000859,0.39491734,-1.061715353,-0.176119542,-0.337321085,-0.296208127,0.078848045,-0.294440993,0.223052777
1,1.135126759,0.409920785,-0.686854777,0.088981699,1.241743267,-0.558822635,-0.869735659,0.168537938,-0.683707794,-0.398015855
0,0.643138279,0.196237667,-0.71303049,0.834398762,-0.253740727,-0.514753319,0.505515506,0.093986884,0.115840832,-0.636888406
0,-0.161077231,-0.451706511,-2.666636767,1.653232937,-1.751177543,0.171508237,1.023016635,-0.587280318,-0.183363609,-0.694769063
1,0.15092793,-2.318956416,-1.012438478,-1.897907009,0.834017824,0.662053943,-0.575933458,0.460091371,-0.613223387,0.802778083
1,0.232166479,-1.437111246,-1.191890204,-0.113127844,-0.644012374,-0.870424676,0.094358191,0.859541436,-0.673456213,1.407309385
0,-2.423761504,0.830807654,1.100249435,0.417671882,-1.291000622,3.918237679,-0.877198111,2.265081199,-0.466024745,-0.866573551
1,0.800852275,0.010142234,0.514713477,-1.709249745,0.458761422,-0.096952579,-0.037631926,-0.797350159,-0.55179816,-0.45314029
1,0.162032948,-0.03100486,0.863149055,0.138489032,0.552522524,0.058328167,0.654807795,0.009806035,-0.701883041,-0.122393681
1,-0.78945859,-0.556560803,-0.269375922,-1.425090146,-0.199801174,0.95744442,0.357964423,0.730187703,-0.359141012,3.169453817
1,0.584488334,0.762350975,0.401945769,0.257425536,0.918234275,-0.836205253,-1.145289453,0.395544597,2.636416118,1.16200565
0,0.419344338,-0.731804092,-0.679068208,-0.302661515,-1.274425171,0.546562371,1.780775522,-0.086339102,0.117792502,0.205596706
1,0.798564668,-1.001383457,-0.229705299,-0.559436382,0.982556844,-0.099199027,-0.612122473,-0.044622297,-0.89991278,1.650775638
0,0.970989435,0.44406784,-2.352241777,-0.243900856,0.150304292,-0.070203327,-0.00504773,-0.011447724,-0.598817109,0.410475855
0,0.045841918,0.437247316,1.337757709,-0.132247816,0.785151865,-0.75159496,-0.592456404,0.317821725,-0.339435497,0.777972087
0,-0.289008999,0.020238693,-1.589648921,0.849707317,-1.104713849,0.782444601,1.390446703,0.034488956,0.067094923,-1.126577135
1,0.852945954,-0.327657305,1.077583486,-0.067372824,0.960880145,-1.151077417,-1.348171619,-0.56602336,-0.310995511,0.393019784
0,-1.373460751,-0.186734867,1.121558309,1.958799711,-1.31971461,0.630823398,2.182809901,0.380136894,2.287760313,1.03521945
0,0.867792073,0.098386465,0.09370519,0.333349102,0.974338188,-0.698668706,-0.869881121,0.388325041,-0.365277095,-1.050321667
0,0.180822081,-0.480183979,0.812136689,-0.974946531,0.30332876,-0.387370946,-0.640619564,0.393867485,-0.466652379,0.438038073
0,-0.357962094,0.206674116,-0.010087329,0.498008462,0.549353555,-0.608501947,-0.238956766,0.488652575,-0.710762608,-0.581763971
1,0.28685572,0.385404612,-1.170228112,-0.170916218,0.781575231,-0.50730846,-1.199035502,-0.002591288,-0.816172348,-0.021332217
0,-1.7834454,1.708357065,-0.311547865,-0.952216804,-1.535797791,0.512152825,-0.350026714,5.846110208,3.927212039,-1.016328266
0,-0.253850267,-0.781237274,-1.049951086,0.207717534,-0.058957286,-0.650967704,0.302333956,0.157113384,-0.663740985,0.125666275
0,0.458864804,0.219802344,0.704879025,1.933502843,0.249783612,-0.049792001,1.210578098,-0.737495026,0.197491549,0.763272238
0,0.75150787,-0.40352973,-0.382982886,-1.512260852,1.048423424,1.553350954,-0.535676449,0.035785969,-0.613625614,-0.251017362
1,1.705537033,0.121416372,1.122223718,-1.065536059,1.321072046,0.016501665,-0.663835867,0.383057699,-0.819431734,1.650775638
0,-0.618774014,-0.185445468,1.447623535,-0.002157146,0.65015837,0.062157919,-0.134313478,0.049015325,-0.690597222,-0.335541496
0,0.881955331,0.044598254,0.622057711,-0.635868245,0.442065069,-0.249891401,-0.493773726,-0.843317121,-0.001970614,-1.042053002
1,1.868404798,-0.028870154,-0.165638534,-0.269684452,1.380883808,-0.559217615,-1.019838714,0.143026725,-1.003792374,-0.56338916
0,-0.189865608,1.040544943,0.674471401,0.427467932,0.587119779,2.546133025,-0.657170013,0.378646414,-0.498845168,-0.84819874
1,0.904619659,-0.051561258,1.277644917,-0.326306683,-0.254232448,-0.623758895,-0.807553681,0.143599614,0.161331761,0.153228493
0,0.391968098,0.519846631,-2.264700518,4.302287937,0.699904575,-1.091033222,0.230441622,-0.150517279,2.227392084,-0.73794987
1,-0.349915991,0.237917865,0.940952049,-0.190839449,0.677113733,-0.393094983,-0.24693882,0.093192781,0.181262775,0.136691162
0,-0.461868682,2.460511895,0.249303908,-1.364294703,-0.575378741,0.264611098,-0.193101178,-1.762428399,3.744820358,1.999897059
1,0.633148867,-0.835860059,0.606050626,-0.706220009,-0.851889453,-0.064338551,1.11005748,0.141966791,-0.158802075,1.262148373
1,0.728553952,-0.334609501,1.006213283,-0.287245046,0.573040344,-0.762196404,-0.830861226,0.226644319,0.089521435,0.934157986
0,-1.981958772,-0.313912997,1.046943833,-0.35259802,-1.088315742,-0.385831756,0.201706668,0.955350481,-0.211533822,-0.063594284
1,-0.524607061,-1.254878128,1.505139304,-0.893502149,0.413948002,-0.683780175,-0.442975425,0.805871004,-0.586976978,0.918539396
0,0.41725204,0.482632356,-0.821710176,-0.45995248,1.276313713,-0.103864903,-0.531542159,0.376066548,-0.554359992,0.777972087
0,0.221119639,1.421892076,-1.211540157,-1.295658472,-0.705696838,0.699754174,-1.262832119,-0.615016992,-0.30232859,-0.56338916
0,1.161002172,-0.111372005,-0.458590641,1.642210721,-0.003776567,-0.771577556,1.094476527,0.05879863,2.630662874,-0.535826942
0,0.357309593,-0.176982917,0.582594183,-0.331131682,0.79530338,-0.796892376,-0.68808213,-0.156816611,2.443774162,-0.765512087
0,-0.443356752,0.043900981,0.182343911,1.072586825,0.709693709,-0.809102363,-1.100796612,0.327851614,0.175911607,1.018682119
0,0.857789743,0.850882986,-0.403740598,-1.177129948,1.026687134,1.064310492,0.19022253,0.08298891,-0.778891296,-0.434765478
1,1.155065528,0.439937889,0.296491394,-0.8194932,0.338245335,-0.068122283,-0.764016625,-0.2505115,-0.793910076,0.076973025
0,-0.065524748,-1.913859072,-1.360647362,0.098753871,-1.337676371,-1.195333978,2.169971327,-4.725517977,-0.318199106,-0.271229655
0,-0.085572788,-0.011524023,0.115641786,-1.165778645,-0.245380455,-0.460914499,-1.289362453,0.396303816,-0.42936531,-0.367697416
0,-0.601174042,-0.278080208,0.611829723,0.097701483,-1.485942939,0.490012059,0.89371588,0.091900839,-0.274524383,-1.252444595
1,0.220676819,0.159118873,0.644401254,0.203007115,1.411816197,-1.154620972,-1.402298628,-0.401505876,-0.209644901,0.052167029
0,-0.145756913,0.047685256,-0.371195026,0.878934812,-0.869391374,0.423723359,0.390110015,-0.023422679,-0.432000404,-0.647913293
0,-0.775530744,1.234188385,-0.693315116,-1.773908281,-0.375172646,1.072297743,1.250057973,-0.031507115,1.295451952,-0.416390667
0,-1.503580062,0.00238963,0.112945921,1.281135687,-1.13811581,-0.147054523,1.727337657,-0.585328291,2.247296205,-0.324516609
1,0.765046014,0.570469574,0.228910009,-1.543404561,0.108448769,1.135159714,-0.393440239,-0.143127525,0.252096781,0.027361033
0,-2.196386152,0.807423144,-0.211915094,-0.025268869,0.963981631,0.809720071,-1.101717685,0.046969325,-0.827099849,-0.352078826
1,0.552431368,-0.511144511,-0.469066831,-0.744952487,0.504368449,-0.596424082,-0.698801219,-0.168009832,-0.776487505,0.382913638
0,-4.216112109,-1.316311554,-0.569681845,1.603339084,-6.169849812,0.242491633,3.797669176,2.358971426,1.802900551,-0.370453638
1,1.528280285,0.144598564,0.594589741,0.074159389,1.459871681,-0.832656567,-1.255396442,0.071798192,-0.799331528,0.970907609
0,-0.710435878,1.2710276,0.284711456,0.330608242,0.157785662,2.993067649,-0.310846985,0.682786441,-0.639885484,-1.151383131
1,0.427496771,0.033548345,-0.141372418,-0.932256002,1.443624933,-0.323481424,-0.751582286,0.174177952,-0.90508412,-0.299710613
0,-0.511131724,2.734872759,-0.405166056,-1.65284599,-0.408660264,1.338929057,0.906977847,0.338027571,1.153156914,-1.298381624
0,0.386150123,-0.010356246,-1.21246191,0.609804834,-0.380880549,0.317836435,1.050121463,0.261694231,-0.306067659,-0.655263218
0,-1.142041115,-0.486018502,1.319793426,0.162302101,-1.691589821,0.023222859,1.08132953,-0.228857802,0.049383102,-0.388828449
0,-0.546513143,-0.228826099,-0.100723168,-1.026508474,-0.916215062,-0.278028813,0.937338015,-0.393329129,0.209601148,-0.554201754
0,-1.167162958,-0.483252918,-0.761905243,-0.018509875,-0.951771654,1.011606014,1.510524061,-2.980500631,-0.158668739,-0.627701
0,0.41892316,0.030999028,1.070313171,0.813655337,0.559868158,-0.956795074,-1.045869695,0.032212064,-0.469254018,0.768784682
1,0.976861491,0.079648034,-0.636657137,-0.073665908,1.268548538,-0.812081581,-1.098618051,0.186925302,-0.273243345,0.300226986
0,-0.132064142,0.091846768,0.377380193,1.090503214,-0.260174592,-1.0425594,-1.011831692,-0.821536917,2.791815368,-0.050731916
0,-0.002923307,-0.158508894,-1.235270805,1.087162112,-0.504443245,1.776732452,1.841541906,-0.134951858,0.144149882,-0.449465328
1,0.224130547,-1.173825923,-1.347616086,0.307965067,-0.124052176,0.095894244,0.123540072,-0.753467413,-0.434060584,2.007246984
0,2.109774032,1.082914267,-0.270217457,3.085903465,-2.853319725,1.424542084,2.189049009,1.492153772,0.44366138,-1.068696479
1,0.282264068,-0.278678098,0.542767896,-0.067277866,-0.650382542,-0.790183578,-0.551875328,-4.300746236,0.088645086,-0.399853336
1,0.918127484,0.123277577,1.170739417,0.119687381,-0.043353196,-0.470330949,-0.967445885,0.289823952,-0.457709031,0.003473778
0,-0.177705283,-0.739363769,-0.815246429,0.307859621,-1.332139204,-0.495364785,1.426012108,0.065210481,-0.325258273,0.00623
1,-0.45977219,0.17285279,0.407825421,-0.293020651,0.196632331,-0.120105037,-0.263941631,-0.610209984,-0.577188458,-0.875760957
0,-1.871554772,0.702145923,0.111851134,0.47825203,-0.932326009,2.546807702,-1.034252044,1.730220589,-0.520850644,-0.719575058
1,1.362364691,0.051350675,1.499106825,-0.125618605,0.79222248,-0.680896802,-0.640456399,0.299480462,-0.526816775,0.557474348
0,-2.184782063,-0.030403055,0.783604882,1.352320358,0.024375943,-0.210711725,1.828851511,0.080040882,2.575616004,-3.613607886
0,0.009709723,0.120608151,0.888654293,0.311963714,0.300361687,-1.084385353,-0.864459282,-0.286205296,-0.397441898,0.11647887
0,-1.483603118,-0.645015629,-0.956739211,1.284235826,-0.174976494,0.340907091,0.746469844,0.820158127,0.274094173,0.541855758
0,0.528935192,0.107141521,1.443594809,0.373857898,0.476483234,-0.743114229,-1.053024805,-0.036007216,-0.847850297,0.25888366
1,0.788075751,-0.707270522,0.453887127,-0.881011085,0.121290434,-1.141217359,-1.172298605,0.622010276,-0.543682057,1.702225111
1,0.512501292,0.271365703,1.320256741,0.563384045,1.56756661,-0.641993792,-1.118753787,0.334379039,-0.761384523,0.235915145
0,-1.720955158,0.606015334,1.018443878,-0.996051933,-0.080288608,0.966385488,-0.479837599,-1.070624253,0.590800829,1.540526769
1,0.525164737,0.323470338,0.24941264,-1.654879129,-0.777703373,-0.345292821,-0.39647028,-0.683938832,-0.006689285,-0.175680635
0,0.476990116,0.22861056,0.257984493,1.574367285,0.605294579,-0.32724372,0.475796798,-0.415844163,-0.246180905,0.167928342
1,0.0619642,0.012052821,0.865592252,-1.178090281,-0.854340513,1.54090128,1.031279348,-0.017330975,-0.033310664,-0.133418568
1,1.324034061,-0.393361076,0.227539149,-0.736285505,0.945775258,-0.478760964,-0.927079045,0.290823635,-0.718189726,1.908023001
0,0.267283952,-0.779025761,-1.765903682,-0.965635105,0.189179801,-1.012900486,-0.701684047,-0.748477205,-0.17609292,1.30441044
0,-2.604990764,1.440328176,-0.314643518,0.84622841,-2.637429683,4.880359572,-0.709882601,-0.981086992,1.093488792,-0.765512087
1,0.430006391,0.267596642,0.43221385,-0.741874569,0.887229355,-0.817239333,-0.954557,0.296926354,-0.897752872,0.364538826
1,-0.26307131,1.21053341,0.063893649,-1.194277807,-0.132600837,0.95599511,0.689248714,-0.291607965,-0.024822355,-0.443952884
0,-0.163848678,-0.035915528,0.612057921,0.974771799,-1.035936367,-1.080771478,-0.604354804,0.68891497,0.35442043,-0.311654241
1,-0.285495116,-0.134418123,1.091100679,0.184429141,1.080171596,-0.576196428,-0.377086291,-0.130445042,-0.678871649,0.29195832
0,-0.781171484,-0.217033096,0.450265121,0.377640174,-1.206418064,0.345073857,-0.180733214,-0.032517599,-0.438539384,-0.330947793
1,1.912142636,0.075253042,0.85690252,0.121727984,1.133783454,-0.633358164,-0.694725301,0.177615266,-0.922832405,0.309414391
0,0.848151618,-0.50093801,-0.516364863,-0.120326922,-0.671099039,0.327817029,-0.291988816,0.03835817,-0.23736199,0.364538826
1,1.031754862,-2.08750836,1.133160821,0.178251471,0.99816459,-1.363958006,-1.488962958,0.790696683,-0.419420816,1.167518093
0,-0.20258699,-0.879055433,-0.023596183,-1.649768556,0.486828288,0.419725955,-0.850125698,1.076282583,-0.150045058,1.09953129
0,-0.213716687,-0.16932529,-0.3494247,-0.24673348,-0.624814053,-0.050878929,0.752940015,-1.003172367,-0.11397172,0.567580494
1,0.822531572,-0.186391784,1.311954056,0.57486668,0.549688597,-1.372164437,-0.816632992,0.468255197,0.158449108,0.217540333
0,-1.176102654,-0.372093217,-0.018145491,-1.213166844,0.025347283,0.012132758,1.277479705,-0.330604843,-0.091408955,0.431606889
0,-0.552910202,3.310315685,0.14053157,0.024899721,-0.641614583,2.545770985,0.306288674,-1.420842878,0.051788079,-0.583601452
0,0.579449091,-0.149561656,-1.624098592,-0.570068291,0.643848867,-0.476997469,-1.076824038,0.937710437,-0.570819218,0.18079071
0,-1.56799978,0.576366618,0.262275651,1.448779349,-1.253144307,-1.228398536,-0.88876129,-0.485874594,2.583866751,-0.407203261
1,-0.306666282,-3.119888981,0.991948401,-1.614555883,0.24103131,-0.934952346,-1.002494678,-0.595322137,-0.180144394,-0.361266232
0,0.021261514,0.763173046,1.250909216,-0.987813543,0.323238795,0.246069752,-0.77467283,0.233583904,-0.80111361,0.00623
1,0.754543216,0.197484151,-0.696118909,-0.543077895,0.958103764,-0.009943602,-0.213719484,-0.10405377,-0.580922209,0.29103958
0,-0.463055625,-0.070926556,-1.058216534,0.10475481,-0.317495658,2.661680746,0.879208648,-0.774540224,-0.421888784,0.017254887
0,-1.060668954,-0.07708407,0.818708624,2.052345237,-1.626613036,-0.783272379,1.735981956,1.22275119,2.484899178,0.234996404
0,0.860897486,0.625391968,-1.271426901,-1.463436176,0.372544451,0.674966727,-0.70795375,0.215600004,0.236782947,0.153228493
1,0.545299152,1.251902987,1.002007874,-1.258447655,0.803773193,0.525884301,-0.004823033,-0.325712186,-0.550926157,-0.409959483
1,1.391543591,0.108505876,-1.88922192,-0.414778143,0.813956095,-0.024292365,-0.324532036,-0.309979257,-0.759474514,-0.370453638
0,0.418873513,-0.238140037,1.297314185,-0.871311892,0.07291076,2.059531777,-0.276531677,-1.679181116,-0.095300351,-0.042463251
0,-0.032624799,-0.705450328,-0.448265013,-1.347068119,-0.370500824,-0.760148291,0.097891529,-1.822042565,-0.424778699,1.017763379
1,-0.255547909,0.23334761,0.602734246,-0.137877269,0.551764263,-0.347684062,-0.475580217,0.185948035,0.020761898,0.308240672
1,0.082931568,0.694545817,1.002945633,0.205901522,-0.217096235,0.098236555,-0.219736916,0.448733545,-0.666789194,-0.524866364
1,-0.396674761,-2.993001409,0.965978413,-1.469992229,-0.428052345,-1.141051269,-0.746400694,-0.809821011,-0.131902266,-0.009300514
1,-0.184075745,-0.053595658,0.95682755,0.175050575,0.535915107,0.086521252,0.71478134,0.025131494,-0.616852967,-0.000388988
1,1.277099551,-0.052718976,0.431373485,0.50501446,0.396991211,-0.67757039,-0.885288704,-0.068811348,-0.4679402,0.277772632
1,0.778947843,0.114875693,0.615475446,-1.668613012,0.292878467,-0.056816083,0.078095839,-0.491127668,-0.521737853,-0.514889928
1,0.08325131,0.044004649,0.258407087,-0.62858269,-0.494559654,-0.016048089,-0.220624685,-1.383947745,-0.078314351,-0.454687888
1,0.41261375,0.254449986,0.250787945,-1.398240268,-0.708384894,-0.263910321,-0.354985867,-0.861605333,-0.026642748,-0.245323135
1,-0.4661277,0.073120428,1.387491299,-0.049912479,0.516376561,-0.193009703,-0.425170761,-0.813428097,-0.463763204,-0.8681585
1,-0.315454628,1.620623318,0.678380067,-0.113731147,-0.451740109,0.292863305,-0.577380746,1.020874176,-0.414141614,-0.234911868
1,0.192175807,-2.112616917,-0.912891217,-1.839764307,0.836411528,0.621161128,-0.641728425,0.355023141,-0.60346098,0.82297856
1,0.485852561,-1.24195159,-0.760933814,-0.313026549,0.084517448,-0.524997701,-0.222069925,0.454572354,-0.774884643,1.516356344
1,0.144290056,0.045811564,0.278624304,-0.733919087,-0.414590141,-0.02897272,-0.213998836,-1.335309777,-0.128504973,-0.452305527
1,-0.020537838,0.02885063,0.729459594,0.011791684,0.448028128,0.005937654,0.385049965,-0.17223944,-0.665270947,-0.343592972
1,0.479792352,0.588755652,0.471718478,0.241765256,1.06027498,-0.927837445,-1.219250355,0.166173127,1.817389944,0.842621465
1,0.919184945,-0.278375438,1.132393564,-0.07494644,0.938949829,-1.089940503,-1.256148419,-0.453483134,-0.339058442,0.414403576
1,0.304793035,0.372909902,-1.160987941,-0.177583631,0.784595205,-0.512914266,-1.189447464,-0.001878782,-0.817424284,-0.031118483
1,0.382187728,-0.150734055,0.985253694,-0.256282994,0.606465019,-0.643654143,-0.643326097,0.183784427,0.118985494,0.678039979
1,0.653339265,-0.729781348,0.690736295,-0.617553127,-0.550334245,-0.212024894,0.699304511,0.159886937,-0.106249838,1.192736385
1,0.526669333,-0.995520303,0.128613445,-0.548726366,-0.796688389,-0.278392029,0.840341927,0.332516341,-0.295466762,1.300695395
1,0.821743212,-0.109524504,1.087089914,-0.087207987,0.270037824,-0.61872318,-0.898002578,0.257701731,-0.179482374,0.47665861
1,-0.511847439,-1.19508753,1.483045149,-0.835980992,0.449499389,-0.678039233,-0.439459413,0.755906797,-0.591880711,0.885103435
1,0.388218387,0.223561754,1.032421788,0.409905855,1.501235251,-0.860312683,-1.239510543,0.020978609,-0.526408332,0.157660057
1,0.73280287,0.670455327,0.342345557,-1.501593241,0.21047273,1.045761601,-0.336418991,-0.169917912,0.134270369,-0.036806383
1,1.503652413,0.034762455,0.432110829,0.33567916,1.297223298,-0.965703091,-1.317084866,0.130468602,-0.897886622,0.245406269
1,0.303373671,-1.587561219,-1.61962707,-0.499250847,0.414050831,-0.702487049,-0.287359061,-0.600098274,-0.754535943,2.459203154
1,0.201042787,-0.249249847,0.647022143,-0.059879998,-0.537393825,-0.721091845,-0.546017766,-3.980033576,0.006388211,-0.487854926
1,1.065731376,0.054967615,0.864759172,0.285495879,0.142211377,-0.550906341,-0.933281478,0.142838058,-0.462524078,0.11493392
1,-0.086176406,0.087127077,0.301615783,-0.531047413,-0.288809929,-0.052073907,-0.24158172,-1.151299368,-0.236052797,-0.581655126
1,1.431083491,0.089972018,1.1244746,-0.042874702,1.068748938,-0.74375255,-0.895151817,0.205179186,-0.639686737,0.728709834
1,0.472638611,0.251095397,1.308809603,0.544453936,1.543219543,-0.638706986,-1.08170493,0.311159468,-0.75726272,0.238714695
1,0.285659403,0.17659697,0.25233925,-1.108758849,-0.6301956,-0.17211315,-0.308192615,-1.062008151,-0.049149692,-0.323877917
1,-0.153792631,0.807597818,0.333429013,-1.188835474,-0.375253581,1.152643696,0.804241245,-0.199394572,-0.02767617,-0.339549584
1,0.186126743,0.244678232,0.128978352,-0.369650072,0.56957773,-0.522968052,-0.97228358,0.347024931,-0.610384643,0.533890555
